ID_USER,WEEK,FEATURES
84166832886,3,"(504,[323,394,395],[4.7436079882358525e-05,0.00015080681646810435,3.162405325490568e-05])"
849768328,3,"(504,[393,394,395],[0.0012112574342357902,0.00015080681646810435,0.0008854734911373591])"
849768328,6,"(504,[394,395],[1.0,0.005597457426118306])"
84976832885,0,"(504,[393,394],[0.00999573958347264,0.00015080681646810435])"
84976832885,3,"(504,[394,395],[0.00015080681646810435,1.0])"
84976832886,3,"(504,[393,394,395,397],[1.0,0.8024430704267833,0.0006482930917255665,0.23103604282913587])"
